pairID,documentID,segmentID,hitType,source,target,sourceLemmatized,targetLemmatized,jaccardDistance,lengthDifference,sureAlignments,possAlignments,sourceHighlights,targetHighlights,answerSureAlignments,answerPossAlignments,answerSourceHighlights,answerTargetHighlights
urd-WL-78-174262-7455135-4-4,urd-WL-78-174262-7455135,4,real,A lucky person breathed his last while prostrating in the Prophet 's Mosque .,"A fortunate man passed away in the state of Sajdah in The Mosque of Prophet , peace be upon him , in Holy City of Medina .",a lucky person breathe his last while prostrate in the prophet 's mosque .,"a fortunate man pass away in the state of sajdah in the mosque of prophet , peace be upon him , in holy city of medina .",0.7931034482758621,13,13-26 8-5 9-6 2-2 0-0 1-1 10-14 12-12 ,{},{},{},{},{},{},{}
urd-WL-80-174265-7496743-11-1,urd-WL-80-174265-7496743,11,real,Started from book 26 yesterday .,"Yesterday , I got a small chance to recite the Holy Quran and began from the 25th part .",start from book 26 yesterday .,"yesterday , i get a small chance to recite the holy quran and begin from the 25th part .",0.8571428571428572,13,5-18 4-0 0-13 1-14 ,{},{},{},{},{},{},{}
LBC_NEWS_ARB_20060210_195800_675_944.qrtr-7-3,LBC_NEWS_ARB_20060210_195800_675_944.qrtr,7,real,"The proposed and the non-proposed , so we both arrive , with what we represent , we will arrive at a name that is acceptable by both parties .",Proposed and not proposed until we both find a name acceptable to both sides .,"the propose and the non-proposed , so we both arrive , with what we represent , we will arrive at a name that be acceptable by both party .",propose and not propose until we both find a name acceptable to both side .,0.7037037037037037,14,28-14 1-0 2-1 7-5 8-6 20-8 21-9 9-7 27-13 26-12 24-10 ,{},{},{},{},{},{},{}
XIN20020412.0061-4-1,XIN20020412.0061,4,real,"Inside the courtyard of the television station , a reception team of 25 people was formed to attend to those who came to make donations in person .",The TV station also establish a reception group of 25 to receive donors .,"inside the courtyard of the television station , a reception team of 25 people be form to attend to those who come to make donation in person .",the tv station also establish a reception group of 25 to receive donor .,0.7333333333333334,14,27-13 8-5 9-6 11-8 12-9 6-2 4-0 5-1 10-7 15-4 24-12 ,{},{},{},{},{},{},{}
XIN_CMN_20060209.0078-20-4,XIN_CMN_20060209.0078,20,real,China never threatened or threatens or will threaten any countries .,"China has never become a threat to any country in the past or present , and will not become a threat in the future .",china never threaten or threaten or will threaten any country .,"china have never become a threat to any country in the past or present , and will not become a threat in the future .",0.6666666666666667,14,10-24 8-7 9-8 1-2 0-0 2-5 4-20 ,{},{},{},{},{},{},{}
artb_557-2-30,artb_557,2,real,London October 9/XinhuaCouncil of British Muslims denounced today US-led air strikes against Afghanistan .,"London , October 9 ( Xinhua ) - The Muslim Council of Britain declared its opposition to the air strikes carried out today by the US against Afghanistan .",london october 9/xinhuacouncil of british muslim denounce today us-led air strike against afghanistan .,"london , october 9 ( xinhua ) - the muslim council of britain declare it opposition to the air strike carry out today by the u against afghanistan .",0.6774193548387097,15,13-28 11-26 12-27 9-18 10-19 0-0 1-2 7-22 5-9 4-12 3-11 ,{},{},{},{},{},{},{}
groups.google.com_ritaj_3d2ba2725d890f0b_ARB_20060213_102000-26-2,groups.google.com_ritaj_3d2ba2725d890f0b_ARB_20060213_102000,26,real,"From the menu , select Options then recorder then Source then Line-in .","From the top menu , select in sequence : Options , then Recorder , then Source , then Line-in , as shown in the following picture .","from the menu , select option then recorder then source then line-in .","from the top menu , select in sequence : option , then recorder , then source , then line-in , a show in the following picture .",0.42105263157894735,14,12-26 2-3 3-4 4-5 0-0 1-1 6-11 7-12 8-14 9-15 10-17 11-18 5-9 ,{},{},{},{},{},{},{}
ZBN19981119_0059-4-21,ZBN19981119_0059,4,real,Indonesia invaded the Portuguese colony in 1975 and annexed East Timor after several weeks .,"Indonesia intruded into East Timor , a colony of Portugal , in 1975 , and a few weeks later East Timor was merged into the territory of Indonesia .",indonesia invade the portuguese colony in 1975 and annex east timor after several week .,"indonesia intrude into east timor , a colony of portugal , in 1975 , and a few week later east timor be merge into the territory of indonesia .",0.6153846153846154,14,14-28 5-11 6-12 9-3 10-4 13-17 3-9 4-7 0-0 ,{},{},{},{},{},{},{}
artb_036-6-35,artb_036,6,real,"On the other hand , Hammad clarified that the tax on casino tickets , where betting is done , has not been reduced .",Hammad said gambling casino tickets would not be discounted .,"on the other hand , hammad clarify that the tax on casino ticket , where betting be do , have not be reduce .",hammad say gambling casino ticket would not be discount .,0.7391304347826086,14,23-9 11-3 12-4 20-6 21-7 6-1 5-0 22-8 15-2 ,{},{},{},{},{},{},{}
ZBN19981213_0043-7-16,ZBN19981213_0043,7,real,Pfizer is considering running commercials that directly mention the name Viagra .,"Pfizer Company is thinking over whether any other advertisements in which the product 's name , Viagra , is mentioned directly , will be needed .",pfizer be consider run commercial that directly mention the name viagra .,"pfizer company be think over whether any other advertisement in which the product 's name , viagra , be mention directly , will be need .",0.6923076923076923,14,11-25 7-19 6-20 2-3 1-2 10-16 9-14 0-0 4-8 ,{},{},{},{},{},{},{}
chtb_232-10-41,chtb_232,10,real,The discoveries also provide new clues for seeking more dinosaur fossils .,The discovery of the dinosaur fossils also provides important hints for where researchers should look for additional fossils and how these bones fossils were buried .,the discovery also provide new clue for seek more dinosaur fossil .,the discovery of the dinosaur fossil also provide important hint for where researcher should look for additional fossil and how these bone fossil be bury .,0.6923076923076923,14,11-25 0-0 1-1 2-6 3-7 9-4 10-5 5-9 7-14 4-16 6-10 ,{},{},{},{},{},{},{}
chtb_232-10-35,chtb_232,10,real,The discovery of dinosaur skeleton fossils has offered important clues in terms of fossil regional distribution and burying patterns of fossils to further seek seeking dinosaur fossils .,The discoveries also provide new clues for seeking more dinosaur fossils .,the discovery of dinosaur skeleton fossil have offer important clue in term of fossil regional distribution and bury pattern of fossil to further seek seek dinosaur fossil .,the discovery also provide new clue for seek more dinosaur fossil .,0.7307692307692308,16,27-11 25-9 26-10 0-0 1-1 24-7 9-5 7-3 ,{},{},{},{},{},{},{}
chtb_305-8-9,chtb_305,8,real,"In his opinion , the documents signed by the two parties are of great importance to strengthening the good neighborly relations and friendly cooperation between the two countries .",He thought the documents just signed are important for good-neighborliness and friendly cooperation .,"in his opinion , the document sign by the two party be of great importance to strengthen the good neighborly relation and friendly cooperation between the two country .",he think the document just sign be important for good-neighborliness and friendly cooperation .,0.7419354838709677,15,28-13 21-10 22-11 23-12 4-2 5-3 6-5 19-9 14-7 ,{},{},{},{},{},{},{}
groups.yahoo.com_Yamuslim_9260_ARB_20060210_130300-28-4,groups.yahoo.com_Yamuslim_9260_ARB_20060210_130300,28,real,"So the Prophet , God 's prayer and peace be upon Him , said to him : `` More than your son , Omar ? ''","The Prophet replied : More than your son , Omar ?","so the prophet , god 's prayer and peace be upon him , say to him : `` more than your son , omar ? ''","the prophet reply : more than your son , omar ?",0.5833333333333333,15,18-4 19-5 20-6 21-7 22-8 23-9 24-10 1-0 2-1 ,{},{},{},{},{},{},{}
urd-WL-72-174253-7562183-18-5,urd-WL-72-174253-7562183,18,real,"And here , we fools consider them our Muslim rulers when we see this .","On the other hand , we , the foolish , never grow tired of saying they are Muslim rulers because they have themselves shown while they are praying .","and here , we fool consider them our muslim ruler when we see this .","on the other hand , we , the foolish , never grow tire of say they be muslim ruler because they have themselves show while they be pray .",0.84375,14,14-28 2-4 3-5 8-17 9-18 4-8 6-15 ,{},{},{},{},{},{},{}
XIN20020410.0043-5-4,XIN20020410.0043,5,real,Syria has beaten Iran with a score of 110:92 and the Iran team ended in the third place in basketball .,Syria defeated Iran by 110:92 .,syria have beat iran with a score of 110:92 and the iran team end in the third place in basketball .,syria defeat iran by 110:92 .,0.8,15,20-5 0-0 3-2 2-1 8-4 ,{},{},{},{},{},{},{}
cmn-WL-8-89585-7834330-19-5,cmn-WL-8-89585-7834330,19,real,"To me , the scene of circles appearing before my eyes no longer has any other function except for inducing the effect of dizziness caused by radiation .",The eye-full of circles makes you nothing else but dizzy .,"to me , the scene of circle appear before my eye no longer have any other function except for induce the effect of dizziness cause by radiation .",the eye-full of circle make you nothing else but dizzy .,0.8787878787878788,17,27-10 5-2 6-3 23-9 21-4 10-1 ,{},{},{},{},{},{},{}
groups.google.com_greenpartycn_d6c87f9f9950da31_CMN_20060214_106700-21-4,groups.google.com_greenpartycn_d6c87f9f9950da31_CMN_20060214_106700,21,real,"Some related department passed on a message to Wang Peirong and her family members through another person , and asked them to pay attention to their security .",Relevant departments told Wang Peirong and her family to be careful of safety .,"some related department pass on a message to wang peirong and her family member through another person , and ask them to pay attention to their security .",relevant department tell wang peirong and her family to be careful of safety .,0.7419354838709677,14,27-13 8-3 9-4 10-5 11-6 12-7 2-1 1-0 23-10 26-12 ,{},{},{},{},{},{},{}
urd-WL-72-174253-7626563-18-2,urd-WL-72-174253-7626563,18,real,Who knows how Mr. Chaudhry will comment on this meeting and support it .,"I 'm not familiar with Chaudhry 's views on this matter , nor do I know whether he will make a statement in favor of this meeting .",who know how mr. chaudhry will comment on this meeting and support it .,"i 'm not familiar with chaudhry 's view on this matter , nor do i know whether he will make a statement in favor of this meeting .",0.7878787878787878,14,13-27 7-8 8-9 9-26 4-5 6-7 11-23 1-15 ,{},{},{},{},{},{},{}
urd-WL-72-174253-7562183-28-1,urd-WL-72-174253-7562183,28,real,They neither believe in the doomsday nor in accountability .,"They do n't believe that Judgment Day will come , nor do they believe they will be asked for an accounting of their lives .",they neither believe in the doomsday nor in accountability .,"they do n't believe that judgment day will come , nor do they believe they will be ask for an accounting of their life .",0.84,15,9-24 2-3 0-0 8-20 ,{},{},{},{},{},{},{}
