"HITId","HITTypeId","Title","Description","Keywords","Reward","CreationTime","MaxAssignments","RequesterAnnotation","AssignmentDurationInSeconds","AutoApprovalDelayInSeconds","Expiration","NumberOfSimilarHITs","LifetimeInSeconds","AssignmentId","WorkerId","AssignmentStatus","AcceptTime","SubmitTime","AutoApprovalTime","ApprovalTime","RejectionTime","RequesterFeedback","WorkTimeInSeconds","LifetimeApprovalRate","Last30DaysApprovalRate","Last7DaysApprovalRate","Input.source","Input.target","Input.docID","Input.type","Input.sureAlignments","Input.possAlignments","Input.sourceHighlights","Input.targetHighlights","Input.answerSureAlignments1","Input.answerPossAlignments1","Input.answerSourceHighlights1","Input.answerTargetHighlights1","Answer.activeTime","Answer.comment","Answer.endTime","Answer.possAlignments","Answer.sourceHighlights","Answer.startTime","Answer.submit","Answer.sureAlignments","Answer.targetHighlights","Approve","Reject"
"36GJS3V78VBJ2FS4SJJYRW0RWXZJGP","3NB4XF0P1WVI72GGQHF2PNC9TO62L9","Aligning Words in Paraphrased Sentence Pairs (Qualified Workers)","You will be presented two sentences that are paraphrases of each other. Select the words in each that correspond to each other.","keywords","$0.20","Mon Jul 11 08:11:45 PDT 2016","10","BatchId:134341;","3600","2592000","Wed Aug 10 08:11:45 PDT 2016","","","3IRIK4HM3B5WJRVLWGYRHL6NQRI6CL","A3Q7E1QEOUDOB5","Submitted","Mon Jul 11 08:26:10 PDT 2016","Mon Jul 11 08:28:07 PDT 2016","Wed Aug 10 08:28:07 PDT 2016","","","","117","99% (105/106)","99% (105/106)","0% (0/0)","Hackett and Rossignol did not know each other and Hackett had no connection to Colby , Doyle said .","state police Lt. Timothy Doyle said Hackett and Rossignol did not know each other , and that Hackett had no connection to the college .","news-common:2143","test","18-24 0-6 1-7 2-8 3-9 4-10 5-11 6-12 7-13 9-17 10-18 11-19 12-20 13-21 16-4 17-5 16-3 8-15","{}","{}","{}","0-6 1-7 2-8 3-9 4-10 5-11 6-12 7-13 8-15 9-17 10-18 11-19 12-20 13-21 16-4 17-5 18-24","14-23","{}","{}","114055","","1468250883815","14-22 14-23","{}","1468250769760","Submit","0-6 1-7 2-8 3-9 4-10 5-11 6-12 7-13 8-15 9-17 10-18 11-19 12-20 13-21 16-3 16-4 17-5 18-24","0 1 2"
"3UUIU9GZC5QF0LZPNHEBP5WB4QCT5M","3NB4XF0P1WVI72GGQHF2PNC9TO62L9","Aligning Words in Paraphrased Sentence Pairs (Qualified Workers)","You will be presented two sentences that are paraphrases of each other. Select the words in each that correspond to each other.","keywords","$0.20","Mon Jul 11 08:11:45 PDT 2016","10","BatchId:134341;","3600","2592000","Wed Aug 10 08:11:45 PDT 2016","","","3YDGXNSEO0FGS11UWGP7I1QQ49R84W","A3Q7E1QEOUDOB5","Submitted","Mon Jul 11 09:09:44 PDT 2016","Mon Jul 11 09:11:01 PDT 2016","Wed Aug 10 09:11:01 PDT 2016","","","","77","99% (105/106)","99% (105/106)","0% (0/0)","'' the woman was taken to New Charing Cross Hospital by ambulance and her condition is critical .","she was taken to Charing Cross Hospital , where she remained critically ill last night .","news-common:723","test","17-15 3-1 4-2 5-3 7-4 8-5 9-6 6-4 16-11","{}","{}","{}","3-1 4-2 5-3 7-4 8-5 9-6 17-15","2-0 13-9 14-10 14-11 14-12 15-10 15-11 15-12 16-10 16-11 16-12","{}","{}","74612","","1468253458940","1-0 2-0","10 11","1468253384328","Submit","3-1 4-2 5-3 6-4 6-5 7-4 7-5 8-4 8-5 9-6 13-9 14-11 14-12 15-10 16-11 16-12 17-15","13 14"
"35F6NGNVM84UNPD8BAT8NPA7VW7T71","3NB4XF0P1WVI72GGQHF2PNC9TO62L9","Aligning Words in Paraphrased Sentence Pairs (Qualified Workers)","You will be presented two sentences that are paraphrases of each other. Select the words in each that correspond to each other.","keywords","$0.20","Mon Jul 11 08:11:45 PDT 2016","10","BatchId:134341;","3600","2592000","Wed Aug 10 08:11:45 PDT 2016","","","37M28K1J0RYKE7DUWLWPKUL4CUHAJT","A3Q7E1QEOUDOB5","Submitted","Mon Jul 11 08:22:34 PDT 2016","Mon Jul 11 08:25:17 PDT 2016","Wed Aug 10 08:25:17 PDT 2016","","","","163","99% (105/106)","99% (105/106)","0% (0/0)","there 's also a flaw that results because IE does not implement an appropriate block on a file download dialog box .","the second vulnerability is a result of IE not implementing a block on a file download dialog box .","news-common:1629","test","21-18 14-11 15-12 16-13 17-14 18-15 19-16 20-17 11-9 10-8 8-7 6-5 12-10","{}","{}","{}","4-2 6-3 6-4 6-5 8-7 9-9 10-8 11-9 12-10 14-11 15-12 16-13 17-14 18-15 19-16 20-17 21-18","2-1 3-0 7-6","{}","{}","154243","","1468250708142","2-1","13","1468250553899","Submit","0-0 1-0 4-2 5-3 5-4 5-5 6-3 6-4 6-5 7-6 8-7 9-8 10-8 11-9 12-10 14-11 15-12 16-13 17-14 18-15 19-16 20-17 21-18","{}"
"3RTFSSG7T8RLUR64A9ZTTEZ7UAULWS","3NB4XF0P1WVI72GGQHF2PNC9TO62L9","Aligning Words in Paraphrased Sentence Pairs (Qualified Workers)","You will be presented two sentences that are paraphrases of each other. Select the words in each that correspond to each other.","keywords","$0.20","Mon Jul 11 08:11:45 PDT 2016","10","BatchId:134341;","3600","2592000","Wed Aug 10 08:11:45 PDT 2016","","","36W0OB37HXZPO9QCKD93PAWY8NKHZW","A3Q7E1QEOUDOB5","Submitted","Mon Jul 11 09:16:19 PDT 2016","Mon Jul 11 09:17:47 PDT 2016","Wed Aug 10 09:17:47 PDT 2016","","","","88","99% (105/106)","99% (105/106)","0% (0/0)","world economic leaders hailed signs of a global revival on Tuesday but agreed it had to be handled with care to prevent any setback .","Dubai , September 23 : the world economic leaders hailed on Tuesday signs of a global revival but agreed it had to be handled with care to prevent any setback .","news-common:510","test","24-30 11-17 12-18 13-19 14-20 15-21 16-22 17-23 18-24 19-25 20-26 21-27 22-28 23-29 4-12 5-13 6-14 7-15 8-16 0-6 1-7 2-8 3-9 9-10 10-11","{}","{}","{}","0-6 1-7 2-8 3-9 4-12 5-13 6-14 7-15 8-16 9-10 10-11 11-17 12-18 13-19 14-20 15-21 16-22 17-23 18-24 19-25 20-26 21-27 22-28 23-29 24-30","{}","{}","{}","75337","","1468253854251","{}","{}","1468253778914","Submit","0-6 1-7 2-8 3-9 4-12 5-13 6-14 7-15 8-16 9-10 10-11 11-17 12-18 13-19 14-20 15-21 16-22 17-23 18-24 19-25 20-26 21-27 22-28 23-29 24-30","0 1 2 3 4"
"371DNNCG44NYN3IRLFLE1P626GDT8O","3NB4XF0P1WVI72GGQHF2PNC9TO62L9","Aligning Words in Paraphrased Sentence Pairs (Qualified Workers)","You will be presented two sentences that are paraphrases of each other. Select the words in each that correspond to each other.","keywords","$0.20","Mon Jul 11 08:11:46 PDT 2016","10","BatchId:134341;","3600","2592000","Wed Aug 10 08:11:46 PDT 2016","","","3JPSL1DZ5TKGXX4FBJOHD12LLEMANX","A3Q7E1QEOUDOB5","Submitted","Mon Jul 11 08:28:08 PDT 2016","Mon Jul 11 08:29:20 PDT 2016","Wed Aug 10 08:29:20 PDT 2016","","","","72","99% (105/106)","99% (105/106)","0% (0/0)","'' the bank requires growth from elsewhere in the economy and needs the economy to rebalance '' , he said in an interview with the Press Association news agency .","the Bank of England '' requires growth from elsewhere in the economy and needs the economy to rebalance '' , he told the Press Association news agency .","news-common:943","test","29-27 3-5 4-6 5-7 6-8 7-9 8-10 9-11 10-12 11-13 12-14 13-15 14-16 15-17 16-18 17-19 18-20 24-22 25-23 26-24 27-25 28-26 1-0 2-1 19-21 0-4","{}","{}","{}","0-4 1-0 2-1 3-5 4-6 5-7 6-8 7-9 8-10 9-11 10-12 11-13 12-14 13-15 14-16 15-17 16-18 17-19 18-20 19-21 24-22 25-23 26-24 27-25 28-26 29-27","{}","{}","{}","57524","","1468250945336","2-1 2-2 2-3","20 21 22 23","1468250887812","Submit","0-4 1-0 3-5 4-6 5-7 6-8 7-9 8-10 9-11 10-12 11-13 12-14 13-15 14-16 15-17 16-18 17-19 18-20 19-21 24-22 25-23 26-24 27-25 28-26 29-27","{}"
"388FBO7JZREF7W4P1NXWR3OCADUNYV","3NB4XF0P1WVI72GGQHF2PNC9TO62L9","Aligning Words in Paraphrased Sentence Pairs (Qualified Workers)","You will be presented two sentences that are paraphrases of each other. Select the words in each that correspond to each other.","keywords","$0.20","Mon Jul 11 08:11:45 PDT 2016","10","BatchId:134341;","3600","2592000","Wed Aug 10 08:11:45 PDT 2016","","","37XITHEISXUP5AT5O41PSGXJMEWCRP","A3Q7E1QEOUDOB5","Submitted","Mon Jul 11 08:25:18 PDT 2016","Mon Jul 11 08:26:09 PDT 2016","Wed Aug 10 08:26:09 PDT 2016","","","","51","99% (105/106)","99% (105/106)","0% (0/0)","nor has it said how many astronauts will be on board , through there reportedly will be between one and three .","nor has it said how many astronauts will be on board , through there reportedly could be as many as three .","news-common:2214","test","21-21 0-0 1-1 2-2 3-3 4-4 5-5 6-6 7-7 8-8 9-9 10-10 11-11 12-12 13-13 14-14 20-20","{}","{}","{}","0-0 1-1 2-2 3-3 4-4 5-5 6-6 7-7 8-8 9-9 10-10 11-11 12-12 13-13 14-14 20-20 21-21","15-15 15-16 16-15 16-16 17-17 17-18 17-19 18-17 18-18 18-19 19-17 19-18 19-19","{}","{}","46609","","1468250764417","{}","unchanged","1468250717808","Submit","0-0 1-1 2-2 3-3 4-4 5-5 6-6 7-7 8-8 9-9 10-10 11-11 12-12 13-13 14-14 15-15 16-16 17-17 17-18 17-19 18-17 18-18 18-19 19-17 19-18 19-19 20-20 21-21","unchanged"
"37NXA7GVSTR8F26ZKZUX7CGTN1SLVI","3NB4XF0P1WVI72GGQHF2PNC9TO62L9","Aligning Words in Paraphrased Sentence Pairs (Qualified Workers)","You will be presented two sentences that are paraphrases of each other. Select the words in each that correspond to each other.","keywords","$0.20","Mon Jul 11 08:11:45 PDT 2016","10","BatchId:134341;","3600","2592000","Wed Aug 10 08:11:45 PDT 2016","","","384PI804XTMHCXY2RD8ANP0EZRI0S8","A3Q7E1QEOUDOB5","Submitted","Mon Jul 11 08:32:22 PDT 2016","Mon Jul 11 08:33:33 PDT 2016","Wed Aug 10 08:33:33 PDT 2016","","","","71","99% (105/106)","99% (105/106)","0% (0/0)","still , Mauresmo has the confidence of having beaten Serena for the first time and also is buoyed by Venus Williams ' upset loss Sunday to Vera Zvonareva .","she has the confidence of having beaten her for the first time and she is buoyed by Venus Williams ' upset loss of two days ago .","news-common:1696","test","28-26 16-14 17-15 18-16 19-17 20-18 21-19 22-20 23-21 3-1 4-2 5-3 6-4 7-5 8-6 10-8 11-9 12-10 13-11 14-12","{}","{}","{}","3-1 4-2 5-3 6-4 7-5 8-6 10-8 11-9 12-10 13-11 14-12 16-14 17-15 18-16 19-17 20-18 21-19 22-20 23-21 28-26","2-0 2-13 9-7","{}","{}","68702","","1468251210948","2-0 9-7","0 15 25 26 27","1468251142246","Submit","3-1 4-2 5-3 6-4 7-5 8-6 10-8 11-9 12-10 13-11 14-12 16-14 17-15 18-16 19-17 20-18 21-19 22-20 23-21 28-26","22 23 24 25"
"3MDKGGG61Q8BJPZ3S0OGHBAB0LNT62","3NB4XF0P1WVI72GGQHF2PNC9TO62L9","Aligning Words in Paraphrased Sentence Pairs (Qualified Workers)","You will be presented two sentences that are paraphrases of each other. Select the words in each that correspond to each other.","keywords","$0.20","Mon Jul 11 08:11:45 PDT 2016","10","BatchId:134341;","3600","2592000","Wed Aug 10 08:11:45 PDT 2016","","","31JLPPHS2VFYVX563J9K5IOK5EZ3O9","A3Q7E1QEOUDOB5","Submitted","Mon Jul 11 09:06:13 PDT 2016","Mon Jul 11 09:06:49 PDT 2016","Wed Aug 10 09:06:49 PDT 2016","","","","36","99% (105/106)","99% (105/106)","0% (0/0)","'' they were an inspirational couple , selfless and courageous '' , said the Oscar-winning film director .","he said : '' they were an inspirational couple , selfless and courageous .","news-common:2001","test","17-13 0-3 1-4 2-5 3-6 4-7 5-8 6-9 7-10 8-11 9-12 12-1","{}","{}","{}","0-3 1-4 2-5 3-6 4-7 5-8 6-9 7-10 8-11 9-12 12-1 17-13","15-0 16-0","{}","{}","34119","","1468253206837","13-0 14-0 15-0 16-0","unchanged","1468253172718","Submit","0-3 1-4 2-5 3-6 4-7 5-8 6-9 7-10 8-11 9-12 12-1 17-13","unchanged"
"3PKJ68EHDNHX2BNFCP1GCWCSBXCJHO","3NB4XF0P1WVI72GGQHF2PNC9TO62L9","Aligning Words in Paraphrased Sentence Pairs (Qualified Workers)","You will be presented two sentences that are paraphrases of each other. Select the words in each that correspond to each other.","keywords","$0.20","Mon Jul 11 08:11:45 PDT 2016","10","BatchId:134341;","3600","2592000","Wed Aug 10 08:11:45 PDT 2016","","","3P529IW9KZ6L5OI2AMUUEA9NDZZFLD","A3Q7E1QEOUDOB5","Submitted","Mon Jul 11 09:22:44 PDT 2016","Mon Jul 11 09:23:21 PDT 2016","Wed Aug 10 09:23:21 PDT 2016","","","","37","99% (105/106)","99% (105/106)","0% (0/0)","'' we make no apologies for finding every legal way possible to protect the American public from further terrorist attacks '' , she said .","'' we make no apologies for finding every legal way possible to protect the American public from further terrorist attack '' , said Barbara Comstock , Justice Department spokeswoman .","news-common:2127","test","24-29 0-0 1-1 2-2 3-3 4-4 5-5 6-6 7-7 8-8 9-9 10-10 11-11 12-12 13-13 14-14 15-15 16-16 17-17 18-18 20-20 21-21 23-22 19-19","{}","{}","{}","0-0 1-1 2-2 3-3 4-4 5-5 6-6 7-7 8-8 9-9 10-10 11-11 12-12 13-13 14-14 15-15 16-16 17-17 18-18 19-19 20-20 21-21 23-22 24-29","22-23 22-24","{}","{}","34277","","1468254198142","22-23 22-24","{}","1468254163865","Submit","0-0 1-1 2-2 3-3 4-4 5-5 6-6 7-7 8-8 9-9 10-10 11-11 12-12 13-13 14-14 15-15 16-16 17-17 18-18 19-19 20-20 21-21 23-22 24-29","26 27 28"
"3QTFNPMJC63FCMEUX9ZF5AXEG7YNZM","3NB4XF0P1WVI72GGQHF2PNC9TO62L9","Aligning Words in Paraphrased Sentence Pairs (Qualified Workers)","You will be presented two sentences that are paraphrases of each other. Select the words in each that correspond to each other.","keywords","$0.20","Mon Jul 11 08:11:45 PDT 2016","10","BatchId:134341;","3600","2592000","Wed Aug 10 08:11:45 PDT 2016","","","323Q6SJS8J1JJSZCJ1FWMIGGWIQFH6","A3Q7E1QEOUDOB5","Submitted","Mon Jul 11 09:21:30 PDT 2016","Mon Jul 11 09:22:43 PDT 2016","Wed Aug 10 09:22:43 PDT 2016","","","","73","99% (105/106)","99% (105/106)","0% (0/0)","Volodymyr Gorbanovsky , deputy general director of the plane 's owners , Mediterranean Airlines , said it appeared to have veered from its flight path because of the fog .","Volodymyr Gorbanovsky , deputy general director of the plane 's owners , Mediterranean Airlines , said initial information indicated it had veered from its flight path because of fog .","news-common:442","test","29-29 0-0 1-1 2-2 3-3 4-4 5-5 6-6 7-7 8-8 9-9 10-10 11-11 12-12 13-13 14-14 15-15 20-21 21-22 22-23 23-24 24-25 25-26 26-27 28-28 19-20","{}","{}","{}","0-0 1-1 2-2 3-3 4-4 5-5 6-6 7-7 8-8 9-9 10-10 11-11 12-12 13-13 14-14 15-15 16-19 17-18 19-20 19-21 20-20 20-21 21-22 22-23 23-24 24-25 25-26 26-27 28-28 29-29","{}","{}","{}","70568","","1468254161263","{}","unchanged","1468254090695","Submit","0-0 1-1 2-2 3-3 4-4 5-5 6-6 7-7 8-8 9-9 10-10 11-11 12-12 13-13 14-14 15-15 16-19 17-16 17-17 17-18 18-20 19-20 20-21 21-22 22-23 23-24 24-25 25-26 26-27 27-28 28-28 29-29","unchanged"
"39N6W9XWRD89X4N3EJK11JFF918GYG","3NB4XF0P1WVI72GGQHF2PNC9TO62L9","Aligning Words in Paraphrased Sentence Pairs (Qualified Workers)","You will be presented two sentences that are paraphrases of each other. Select the words in each that correspond to each other.","keywords","$0.20","Mon Jul 11 08:11:45 PDT 2016","10","BatchId:134341;","3600","2592000","Wed Aug 10 08:11:45 PDT 2016","","","3OHYZ19UGDQYFI4RCYOUSQ2QBORAOC","A3Q7E1QEOUDOB5","Submitted","Mon Jul 11 08:29:20 PDT 2016","Mon Jul 11 08:30:34 PDT 2016","Wed Aug 10 08:30:34 PDT 2016","","","","74","99% (105/106)","99% (105/106)","0% (0/0)","the retailer said it came to the decision after hearing the opinions of customers and associates .","the decision came after '' listening to our customers and associates '' , Melissa Berryhill , a spokeswoman for Wal-Mart , said .","news-common:2718","test","16-22 13-8 14-9 15-10 6-0 7-1 2-21 4-2 9-5 5-6 8-3","{}","{}","{}","0-19 1-19 4-2 6-0 7-1 8-3 9-4 13-8 14-9 15-10 16-22","{}","{}","{}","67798","","1468251028417","0-19 1-19","10 11 12","1468250960619","Submit","2-21 4-2 6-0 7-1 8-3 9-4 9-5 13-8 14-9 15-10 16-22","13 14 16 17 18"
"304QEQWKZP50SM8GUUM0E0UXOAKO0A","3NB4XF0P1WVI72GGQHF2PNC9TO62L9","Aligning Words in Paraphrased Sentence Pairs (Qualified Workers)","You will be presented two sentences that are paraphrases of each other. Select the words in each that correspond to each other.","keywords","$0.20","Mon Jul 11 08:11:46 PDT 2016","10","BatchId:134341;","3600","2592000","Wed Aug 10 08:11:46 PDT 2016","","","3GNCZX450J8G0IGSRY19HQ7GLTNAPT","A3Q7E1QEOUDOB5","Submitted","Mon Jul 11 08:30:34 PDT 2016","Mon Jul 11 08:32:21 PDT 2016","Wed Aug 10 08:32:21 PDT 2016","","","","107","99% (105/106)","99% (105/106)","0% (0/0)","'' we will accede to the request while we explore all of our options '' , VeriSign spokesman Tom Galvin told Reuters .","we will accede to the request while we explore all of our options '' , said Russell Lewis , executive vice president of VeriSign 's Naming and Directory Services Group .","news-common:1296","test","22-30 1-0 2-1 3-2 4-3 5-4 6-5 7-6 8-7 9-8 10-9 11-10 12-11 13-12 14-13 15-14 16-23 20-15","{}","{}","{}","1-0 2-1 3-2 4-3 5-4 6-5 7-6 8-7 9-8 10-9 11-10 12-11 13-12 14-13 15-14 16-23 22-30","{}","{}","{}","102876","","1468251137350","18-16 19-17","17 21","1468251034474","Submit","1-0 2-1 3-2 4-3 5-4 6-5 7-6 8-7 9-8 10-9 11-10 12-11 13-12 14-13 15-14 16-23 20-15 22-30","19 20 21 22 25 26 27 28 29"
"3TKXBROM5TVXY6YZI7J1C8D7BARJIH","3NB4XF0P1WVI72GGQHF2PNC9TO62L9","Aligning Words in Paraphrased Sentence Pairs (Qualified Workers)","You will be presented two sentences that are paraphrases of each other. Select the words in each that correspond to each other.","keywords","$0.20","Mon Jul 11 08:11:46 PDT 2016","10","BatchId:134341;","3600","2592000","Wed Aug 10 08:11:46 PDT 2016","","","34V1S5K3GTMULTOIKWO0FV5FK6F694","A3Q7E1QEOUDOB5","Submitted","Mon Jul 11 08:21:39 PDT 2016","Mon Jul 11 08:22:33 PDT 2016","Wed Aug 10 08:22:33 PDT 2016","","","","54","99% (105/106)","99% (105/106)","0% (0/0)","two Atlanta companies that have not been accused of wrongdoing -- Delta Air Lines Inc. and the Home Depot -- were mentioned as having excessive pay packages for its CEOs .","two Atlanta-based companies that have not been accused of wrongdoing -- Delta Air Lines and Home Depot -- were also mentioned by witnesses as having excessive pay packages for CEOs .","news-common:1411","test","30-30 2-2 3-3 4-4 5-5 6-6 7-7 8-8 9-9 10-10 11-11 12-12 13-13 22-23 23-24 24-25 25-26 26-27 27-28 17-15 18-16 19-17 20-18 29-29 21-20 0-0 1-1 15-14","{}","{}","{}","0-0 1-1 2-2 3-3 4-4 5-5 6-6 7-7 8-8 9-9 10-10 11-11 12-12 13-13 15-14 17-15 18-16 19-17 20-18 21-20 22-23 23-24 24-25 25-26 26-27 27-28 29-29 30-30","{}","{}","{}","40527","","1468250540037","{}","{}","1468250499510","Submit","0-0 1-1 2-2 3-3 4-4 5-5 6-6 7-7 8-8 9-9 10-10 11-11 11-12 11-13 12-11 12-12 12-13 13-11 13-12 13-13 14-11 14-12 14-13 15-14 16-14 16-15 16-16 17-14 17-15 17-16 18-14 18-15 18-16 19-17 20-18 21-20 22-23 23-24 24-25 25-26 26-27 27-28 29-29 30-30","19 21 22"
"3R868ACW4SX92UX8A5MKFQOHFVCGZ7","3NB4XF0P1WVI72GGQHF2PNC9TO62L9","Aligning Words in Paraphrased Sentence Pairs (Qualified Workers)","You will be presented two sentences that are paraphrases of each other. Select the words in each that correspond to each other.","keywords","$0.20","Mon Jul 11 08:11:46 PDT 2016","10","BatchId:134341;","3600","2592000","Wed Aug 10 08:11:46 PDT 2016","","","3QEMNNSB2YKPSJF4FMYU75O162ED7R","A3Q7E1QEOUDOB5","Submitted","Mon Jul 11 09:04:37 PDT 2016","Mon Jul 11 09:05:04 PDT 2016","Wed Aug 10 09:05:04 PDT 2016","","","","27","99% (105/106)","99% (105/106)","0% (0/0)","the US investment bank said : '' we believe the long-term prospects for the energy sector in the UK remain attractive '' .","'' we believe the long-term prospects for the energy sector in the UK remain attractive '' , Goldman said .","news-common:2006","test","22-19 6-0 7-1 8-2 9-3 10-4 11-5 12-6 13-7 14-8 15-9 16-10 17-11 18-12 19-13 20-14 21-15 4-18","{}","{}","{}","4-18 6-0 7-1 8-2 9-3 10-4 11-5 12-6 13-7 14-8 15-9 16-10 17-11 18-12 19-13 20-14 22-16","{}","{}","{}","18012","","1468253095299","0-17 1-17 2-17 3-17","unchanged","1468253077287","Submit","4-18 6-0 7-1 8-2 9-3 10-4 11-5 12-6 13-7 14-8 15-9 16-10 17-11 18-12 19-13 20-14 21-15 22-19","unchanged"
"3ZQA3IO31BC0ZBTYQDQ0S5D7T2QO1D","3NB4XF0P1WVI72GGQHF2PNC9TO62L9","Aligning Words in Paraphrased Sentence Pairs (Qualified Workers)","You will be presented two sentences that are paraphrases of each other. Select the words in each that correspond to each other.","keywords","$0.20","Mon Jul 11 08:11:46 PDT 2016","10","BatchId:134341;","3600","2592000","Wed Aug 10 08:11:46 PDT 2016","","","32Q90QCQ1T6IF40OUBYNHSB8CYFKEX","A3Q7E1QEOUDOB5","Submitted","Mon Jul 11 09:11:01 PDT 2016","Mon Jul 11 09:12:10 PDT 2016","Wed Aug 10 09:12:10 PDT 2016","","","","69","99% (105/106)","99% (105/106)","0% (0/0)","Tom Kasmer , a 14-year-old from Belmont , N.C. , got a word that sounded like '' zistee '' during yesterday 's competition .","the 14-year-old national spelling finalist who attends school in Belmont , N.C. , got a word that sounded like '' zistee '' during competition Wednesday .","news-common:963","test","23-25 6-9 7-10 8-11 9-12 10-13 11-14 12-15 13-16 14-17 15-18 16-19 17-20 18-21 19-22 22-23 20-24 4-1","{}","{}","{}","4-1 6-9 7-10 8-11 9-12 10-13 11-14 12-15 13-16 14-17 15-18 16-19 17-20 18-21 19-22 22-23 23-25","3-0 5-5 5-6 5-7 5-8 20-24","{}","{}","65535","","1468253527187","20-24 21-24","0 1","1468253461652","Submit","3-0 4-1 5-5 5-6 5-7 5-8 6-9 7-10 8-11 9-12 10-13 11-14 12-15 13-16 14-17 15-18 16-19 17-20 18-21 19-22 22-23 23-25","2 3 4"
"3EHVO81VN56Q7U7BM0VA8WG6HGCH1I","3NB4XF0P1WVI72GGQHF2PNC9TO62L9","Aligning Words in Paraphrased Sentence Pairs (Qualified Workers)","You will be presented two sentences that are paraphrases of each other. Select the words in each that correspond to each other.","keywords","$0.20","Mon Jul 11 08:11:46 PDT 2016","10","BatchId:134341;","3600","2592000","Wed Aug 10 08:11:46 PDT 2016","","","39LOEL67OTQVA5IQW2KO8WYKQ9V83B","A3Q7E1QEOUDOB5","Submitted","Mon Jul 11 09:08:55 PDT 2016","Mon Jul 11 09:09:44 PDT 2016","Wed Aug 10 09:09:44 PDT 2016","","","","49","99% (105/106)","99% (105/106)","0% (0/0)","about 10 percent of high school and 16 percent of elementary students must be proficient at math .","in math , 16 percent of elementary and middle school students and 9.6 percent of high school students must be proficient .","news-common:1486","test","17-21 2-13 3-14 4-15 5-16 7-3 8-4 9-5 10-6 11-17 12-18 13-19 14-20 16-1","{}","{}","{}","2-13 3-14 4-15 5-16 6-11 7-3 8-4 9-5 10-6 11-10 11-17 12-18 13-19 14-20 15-0 16-1 17-21","1-12","{}","{}","38652","","1468253373597","{}","{}","1468253334945","Submit","0-12 1-12 2-13 3-14 4-15 5-16 6-11 7-3 8-4 9-5 10-6 11-10 11-17 12-18 13-19 14-20 15-0 16-1 17-21","7 8 9"
"3XBXDSS88840JRBUKEVFVXDE3C0LXL","3NB4XF0P1WVI72GGQHF2PNC9TO62L9","Aligning Words in Paraphrased Sentence Pairs (Qualified Workers)","You will be presented two sentences that are paraphrases of each other. Select the words in each that correspond to each other.","keywords","$0.20","Mon Jul 11 08:11:46 PDT 2016","10","BatchId:134341;","3600","2592000","Wed Aug 10 08:11:46 PDT 2016","","","3X08E93BHW373AMKMPLOVLEDU5766T","A3Q7E1QEOUDOB5","Submitted","Mon Jul 11 08:14:15 PDT 2016","Mon Jul 11 08:19:52 PDT 2016","Wed Aug 10 08:19:52 PDT 2016","","","","337","99% (105/106)","99% (105/106)","0% (0/0)","they said many had been beaten , and police officers also stormed private wards at the hospital and harassed patients .","they said the police officers also entered various private wards at the clinic and attacked patients .","news-common:2988","test","20-16 12-8 13-9 14-10 15-11 8-3 9-4 10-5 0-0 1-1 19-15 16-12 2-7 11-14 7-13","{}","{}","{}","0-0 1-1 8-3 9-4 10-5 12-8 13-9 14-10 15-11 16-12 17-13 18-14 19-15 20-16","11-6","{}","{}","332457","","1468250387131","2-15 3-14 4-14 5-14","{}","1468250054674","Submit","0-0 1-1 8-3 9-4 10-5 11-6 11-14 12-8 13-9 14-10 15-11 16-12 17-13 18-14 19-15 20-16","7"
"3FTID4TN8LJPJW14PAHHEBKN5IULYR","3NB4XF0P1WVI72GGQHF2PNC9TO62L9","Aligning Words in Paraphrased Sentence Pairs (Qualified Workers)","You will be presented two sentences that are paraphrases of each other. Select the words in each that correspond to each other.","keywords","$0.20","Mon Jul 11 08:11:46 PDT 2016","10","BatchId:134341;","3600","2592000","Wed Aug 10 08:11:46 PDT 2016","","","3B2X28YI3X0D9M3FIG2W610586IB6J","A3Q7E1QEOUDOB5","Submitted","Mon Jul 11 09:14:32 PDT 2016","Mon Jul 11 09:15:46 PDT 2016","Wed Aug 10 09:15:46 PDT 2016","","","","74","99% (105/106)","99% (105/106)","0% (0/0)","the Pentagon , saying that Boykin requested it , is investigating his remarks .","the Pentagon has begun an official investigation into Boykin 's remarks .","news-common:3006","test","13-11 0-0 1-1 12-10 5-8 10-6","{}","{}","{}","0-0 1-1 5-8 9-2 9-3 9-6 10-2 10-3 10-6 12-10 13-11","11-8","{}","{}","69602","","1468253742085","{}","3 4 6 7","1468253672483","Submit","0-0 1-1 5-8 9-2 9-3 9-4 9-6 10-2 10-3 10-4 10-6 12-10 13-11","5"
"3XEIP58NL08POMB9LWJ0SITPBCYLZI","3NB4XF0P1WVI72GGQHF2PNC9TO62L9","Aligning Words in Paraphrased Sentence Pairs (Qualified Workers)","You will be presented two sentences that are paraphrases of each other. Select the words in each that correspond to each other.","keywords","$0.20","Mon Jul 11 08:11:46 PDT 2016","10","BatchId:134341;","3600","2592000","Wed Aug 10 08:11:46 PDT 2016","","","3HOSI13XH0959SGE6Z1G7XYXSDHDDK","A3Q7E1QEOUDOB5","Submitted","Mon Jul 11 09:19:22 PDT 2016","Mon Jul 11 09:21:30 PDT 2016","Wed Aug 10 09:21:30 PDT 2016","","","","128","99% (105/106)","99% (105/106)","0% (0/0)","the technology-heavy Nasdaq Composite Index gained 25.75 points , or 1.5 percent , to 1,746.46 , its highest close in about 15 months .","the technology-laced Nasdaq Composite index .ixic was down 1.55 points , or 0.09 percent , at 1,744.91 .","news-common:2951","test","23-18 2-2 3-3 4-4 7-10 8-11 9-12 11-14 12-15","{}","{}","{}","0-0 1-1 2-2 3-3 4-4 7-9 8-10 9-11 11-13 12-14 13-15 23-17","6-8 10-12 14-16","{}","{}","124882","","1468254087104","5-6 5-7 6-8 7-9 10-12","16 17 18 19 20 21 22","1468253962222","Submit","0-0 1-1 2-2 3-3 4-4 8-10 9-11 11-13 12-14 13-15 14-16 23-17 23-18","5"
"3LAZVA75NIC7OWBU9HQEXONCL84O2U","3NB4XF0P1WVI72GGQHF2PNC9TO62L9","Aligning Words in Paraphrased Sentence Pairs (Qualified Workers)","You will be presented two sentences that are paraphrases of each other. Select the words in each that correspond to each other.","keywords","$0.20","Mon Jul 11 08:11:46 PDT 2016","10","BatchId:134341;","3600","2592000","Wed Aug 10 08:11:46 PDT 2016","","","3S0TNUHWKU3TSXKNPRQ0L5KWHMKD8E","A3Q7E1QEOUDOB5","Submitted","Mon Jul 11 09:05:05 PDT 2016","Mon Jul 11 09:06:12 PDT 2016","Wed Aug 10 09:06:12 PDT 2016","","","","67","99% (105/106)","99% (105/106)","0% (0/0)","writing in the journal Geophysical Research Letters , Vincent 's team said all of the fresh water poured out of the 20 mile -lrb- 30 km -rrb- long Disraeli fjord .","writing in the journal Geophysical Research Letters , Vincent 's team said all of the fresh water poured out of the 20-mile-long Disraeli fjord .","news-C:2651","test","30-24 0-0 1-1 2-2 3-3 4-4 5-5 6-6 7-7 8-8 9-9 10-10 11-11 12-12 13-13 14-14 15-15 16-16 17-17 18-18 19-19 20-20 28-22 29-23 21-21 22-21","{}","{}","{}","0-0 1-1 2-2 3-3 4-4 5-5 6-6 7-7 8-8 9-9 10-10 11-11 12-12 13-13 14-14 15-15 16-16 17-17 18-18 19-19 20-20 21-21 22-21 27-21 28-22 29-23 30-24","{}","{}","{}","63644","","1468253168553","23-21 24-21 25-21 26-21","unchanged","1468253104909","Submit","0-0 1-1 2-2 3-3 4-4 5-5 6-6 7-7 8-8 9-9 10-10 11-11 12-12 13-13 14-14 15-15 16-16 17-17 18-18 19-19 20-20 21-21 22-21 27-21 28-22 29-23 30-24","unchanged"
"35ZRNT9RUIJW9E7DDH4JGYS4RM4O35","3NB4XF0P1WVI72GGQHF2PNC9TO62L9","Aligning Words in Paraphrased Sentence Pairs (Qualified Workers)","You will be presented two sentences that are paraphrases of each other. Select the words in each that correspond to each other.","keywords","$0.20","Mon Jul 11 08:11:46 PDT 2016","10","BatchId:134341;","3600","2592000","Wed Aug 10 08:11:46 PDT 2016","","","3AUQQEL7U6EX4PF6L8DFYCKLYVC0VD","A3Q7E1QEOUDOB5","Submitted","Mon Jul 11 08:34:17 PDT 2016","Mon Jul 11 08:35:27 PDT 2016","Wed Aug 10 08:35:27 PDT 2016","","","","70","99% (105/106)","99% (105/106)","0% (0/0)","Greenspan is head of the U.S. central bank , which sets U.S. interest rates .","Greenspan 's Federal Reserve , the U.S. central bank , decides interest rates in the world 's largest economy .","news-C:1251","test","14-19 4-5 5-6 6-7 7-8 8-9 12-11 13-12 0-0","{}","{}","{}","0-0 4-5 5-6 6-7 7-8 10-10 12-11 13-12 14-19","11-13 11-14 11-15 11-16 11-17 11-18","{}","{}","62265","","1468251319186","{}","1 2 3","1468251256921","Submit","0-0 4-5 5-6 6-7 7-8 8-9 10-10 11-14 11-15 11-16 11-17 11-18 12-11 13-12 14-19","1 2 3"
"3T8DUCXY0NRY1811Q7RS1L1DQMVT9D","3NB4XF0P1WVI72GGQHF2PNC9TO62L9","Aligning Words in Paraphrased Sentence Pairs (Qualified Workers)","You will be presented two sentences that are paraphrases of each other. Select the words in each that correspond to each other.","keywords","$0.20","Mon Jul 11 08:11:46 PDT 2016","10","BatchId:134341;","3600","2592000","Wed Aug 10 08:11:46 PDT 2016","","","3IO1LGZLKAIU7O58F4IMFZA400X86H","A3Q7E1QEOUDOB5","Submitted","Mon Jul 11 09:13:44 PDT 2016","Mon Jul 11 09:14:32 PDT 2016","Wed Aug 10 09:14:32 PDT 2016","","","","48","99% (105/106)","99% (105/106)","0% (0/0)","the agency said it would not release the name of the 17-year-old involved because he is a minor .","the agency said it had no plans to release the name of the teenager involved because he was a minor .","news-C:2572","test","18-20 6-8 7-9 8-10 9-11 10-12 0-0 1-1 2-2 3-3 12-14 13-15 14-16 16-18 17-19 15-17","{}","{}","{}","0-0 1-1 2-2 3-3 4-4 4-5 4-6 4-7 5-4 5-5 5-6 5-7 6-8 7-9 8-10 9-11 10-12 11-13 12-14 13-15 14-16 16-18 17-19 18-20","15-17","{}","{}","41202","","1468253665284","{}","unchanged","1468253624082","Submit","0-0 1-1 2-2 3-3 4-4 4-5 4-6 4-7 5-4 5-5 5-6 5-7 6-8 7-9 8-10 9-11 10-12 11-13 12-14 13-15 14-16 15-17 16-18 17-19 18-20","unchanged"
"31ODACBENU03E758I9XODBVGY3LQS7","3NB4XF0P1WVI72GGQHF2PNC9TO62L9","Aligning Words in Paraphrased Sentence Pairs (Qualified Workers)","You will be presented two sentences that are paraphrases of each other. Select the words in each that correspond to each other.","keywords","$0.20","Mon Jul 11 08:11:46 PDT 2016","10","BatchId:134341;","3600","2592000","Wed Aug 10 08:11:46 PDT 2016","","","30X31N5D64BDDAWKJF53CVCR8DUAS9","A3Q7E1QEOUDOB5","Submitted","Mon Jul 11 08:35:27 PDT 2016","Mon Jul 11 08:38:17 PDT 2016","Wed Aug 10 08:38:17 PDT 2016","","","","170","99% (105/106)","99% (105/106)","0% (0/0)","this morning , at UM 's New York office , Coen revised his expectations downward , saying that spending would instead rise 4.6 percent to $ 247 billion .","speaking to reporters at a New York news conference , Universal McCann 's Coen projected that total U.S. ad spending will rise 4.6 percent to $ 247.7 billion this year .","news-C:958","test","28-30 21-21 22-22 23-23 24-24 25-25 6-5 7-6 10-13 4-10 4-11 18-19 27-27 16-0 17-15 5-12","{}","{}","{}","3-3 6-5 7-6 10-13 16-14 17-15 18-19 19-20 21-21 22-22 23-23 24-24 25-25 27-27 28-30","4-10 26-26","{}","{}","163283","","1468251490781","8-7 8-8 17-15 26-26","11 12 13 14 20","1468251327498","Submit","3-3 4-10 4-11 5-12 6-5 7-6 10-13 16-0 18-19 19-20 21-21 22-22 23-23 24-24 25-25 27-27 28-30","1 2 14 16 17 18 28 29"
"3TY2U1TEB7VTTHI50P41O9S7OPGJJT","3NB4XF0P1WVI72GGQHF2PNC9TO62L9","Aligning Words in Paraphrased Sentence Pairs (Qualified Workers)","You will be presented two sentences that are paraphrases of each other. Select the words in each that correspond to each other.","keywords","$0.20","Mon Jul 11 08:11:46 PDT 2016","10","BatchId:134341;","3600","2592000","Wed Aug 10 08:11:46 PDT 2016","","","35L9RVQFCP382AW2EQAV8IHJ655HU7","A3Q7E1QEOUDOB5","Submitted","Mon Jul 11 09:06:50 PDT 2016","Mon Jul 11 09:08:11 PDT 2016","Wed Aug 10 09:08:11 PDT 2016","","","","81","99% (105/106)","99% (105/106)","0% (0/0)","the company emphasized that McDonald 's USA does not import any raw beef or hamburger patties from Canada for McDonald 's use in the United States .","McDonald 's said in a statement that it does not import any raw beef or hamburger patties from Canada for use in the United States .","news-C:2705","test","26-25 7-8 8-9 9-10 10-11 11-12 12-13 13-14 14-15 15-16 16-17 17-18 18-19 21-20 22-21 23-22 24-23 25-24 4-0 5-1","{}","{}","{}","2-2 2-3 2-4 2-5 3-6 4-0 5-1 7-8 8-9 9-10 10-11 11-12 12-13 13-14 14-15 15-16 16-17 17-18 18-19 21-20 22-21 23-22 24-23 25-24 26-25","4-7 5-7 6-23 6-24 19-0 20-1","{}","{}","69611","","1468253279407","0-0 1-0 2-2 19-0 20-0","6","1468253209796","Submit","4-0 5-1 7-8 8-9 9-10 10-11 11-12 12-13 13-14 14-15 15-16 16-17 17-18 18-19 21-20 22-21 23-22 24-23 25-24 26-25","3 4 5"
"301KG0KX9C6XWFP754VODFQB9MQH2Z","3NB4XF0P1WVI72GGQHF2PNC9TO62L9","Aligning Words in Paraphrased Sentence Pairs (Qualified Workers)","You will be presented two sentences that are paraphrases of each other. Select the words in each that correspond to each other.","keywords","$0.20","Mon Jul 11 08:11:46 PDT 2016","10","BatchId:134341;","3600","2592000","Wed Aug 10 08:11:46 PDT 2016","","","3H8DHMCCWAWDNYMOYGN3BATNCMEKD4","A3Q7E1QEOUDOB5","Submitted","Mon Jul 11 09:08:11 PDT 2016","Mon Jul 11 09:08:54 PDT 2016","Wed Aug 10 09:08:54 PDT 2016","","","","43","99% (105/106)","99% (105/106)","0% (0/0)","a couple have been arrested for starving their four sons while letting their daughters feast in front of them .","a couple starved their four adopted sons for years while allowing their daughters to feast on takeaways , police and neighbours said today .","news-C:1259","test","19-23 0-0 1-1 7-3 8-4 12-11 13-12 6-2 9-6 11-10 14-14 4-5 10-9","{}","{}","{}","0-0 1-1 6-2 7-3 8-4 9-6 10-9 11-10 12-11 13-12 14-14 19-23","{}","{}","{}","40322","","1468253331509","{}","15 16 17 18","1468253291187","Submit","0-0 1-1 6-2 7-3 8-4 9-6 10-9 11-10 12-11 13-12 14-14 19-23","5 7 8 15 16 18 19 20 21 22"
"3L7SUC0TTUFCSJN4HE7NMW5STA5M0T","3NB4XF0P1WVI72GGQHF2PNC9TO62L9","Aligning Words in Paraphrased Sentence Pairs (Qualified Workers)","You will be presented two sentences that are paraphrases of each other. Select the words in each that correspond to each other.","keywords","$0.20","Mon Jul 11 08:11:46 PDT 2016","10","BatchId:134341;","3600","2592000","Wed Aug 10 08:11:46 PDT 2016","","","3G5F9DBFOQI8FPL2JGK044J2KCEHVW","A3Q7E1QEOUDOB5","Submitted","Mon Jul 11 09:12:11 PDT 2016","Mon Jul 11 09:13:43 PDT 2016","Wed Aug 10 09:13:43 PDT 2016","","","","92","99% (105/106)","99% (105/106)","0% (0/0)","'' it 's probably not the easiest time to take over the shuttle program '' , he added '' , but I look forward to the challenge .","'' it is probably not the easiest time to come in and take over the shuttle program , but then again , I look forward to the challenge '' , he said .","news-C:104","test","27-32 3-3 4-4 5-5 6-6 7-7 8-8 21-22 22-23 23-24 24-25 25-26 26-27 9-12 10-13 11-14 12-15 13-16 14-28 15-29 16-30 0-0 1-1 19-17 20-18 17-31 2-2","{}","{}","{}","0-0 1-1 2-2 3-3 4-4 5-5 6-6 7-7 8-8 9-12 10-13 11-14 12-15 13-16 14-28 15-29 16-30 17-31 20-18 21-22 22-23 23-24 24-25 25-26 26-27 27-32","{}","{}","{}","76620","","1468253607718","{}","{}","1468253531098","Submit","0-0 1-1 2-2 3-3 4-4 5-5 6-6 7-7 8-8 9-9 9-10 9-11 9-12 10-13 11-14 12-15 13-16 14-28 15-29 16-30 17-31 19-17 20-18 21-22 22-23 23-24 24-25 25-26 26-27 27-32","19 20"
"3KQC8JMJGCDMHXLQ949TWPV3F0QH3A","3NB4XF0P1WVI72GGQHF2PNC9TO62L9","Aligning Words in Paraphrased Sentence Pairs (Qualified Workers)","You will be presented two sentences that are paraphrases of each other. Select the words in each that correspond to each other.","keywords","$0.20","Mon Jul 11 08:11:46 PDT 2016","10","BatchId:134341;","3600","2592000","Wed Aug 10 08:11:46 PDT 2016","","","38F71OA9GUH5B60NAYV9ENOCD4PFMF","A3Q7E1QEOUDOB5","Submitted","Mon Jul 11 09:23:21 PDT 2016","Mon Jul 11 09:24:11 PDT 2016","Wed Aug 10 09:24:11 PDT 2016","","","","50","99% (105/106)","99% (105/106)","0% (0/0)","Sharon says he is willing to free the two as holding them will not bring back Arad , who Israel believes is held by Iran .","Sharon has said he is willing to free Dirani and Obeid because holding them will not bring back Arad , who Israel believes is held by Iran .","news-C:2190","test","25-27 10-12 11-13 12-14 13-15 14-16 15-17 16-18 17-19 18-20 19-21 20-22 21-23 22-24 23-25 24-26 2-3 3-4 4-5 5-6 6-7 0-0 1-2 9-11","{}","{}","{}","0-0 2-3 3-4 4-5 5-6 6-7 9-11 10-12 11-13 12-14 13-15 14-16 15-17 16-18 17-19 18-20 19-21 20-22 21-23 22-24 23-25 24-26 25-27","1-1 1-2 7-8 7-9 7-10 8-8 8-9 8-10","{}","{}","44170","","1468254245442","7-8 7-9 7-10 8-8 8-9 8-10","unchanged","1468254201272","Submit","0-0 1-1 1-2 2-3 3-4 4-5 5-6 6-7 9-11 10-12 11-13 12-14 13-15 14-16 15-17 16-18 17-19 18-20 19-21 20-22 21-23 22-24 23-25 24-26 25-27","unchanged"
"3XJOUITW8UC4T7IN792ENGR20MZQTW","3NB4XF0P1WVI72GGQHF2PNC9TO62L9","Aligning Words in Paraphrased Sentence Pairs (Qualified Workers)","You will be presented two sentences that are paraphrases of each other. Select the words in each that correspond to each other.","keywords","$0.20","Mon Jul 11 08:11:46 PDT 2016","10","BatchId:134341;","3600","2592000","Wed Aug 10 08:11:46 PDT 2016","","","3YZ8UPK3VU7HL2LMSYWUXRK3TD0CUT","A3Q7E1QEOUDOB5","Submitted","Mon Jul 11 08:33:34 PDT 2016","Mon Jul 11 08:34:16 PDT 2016","Wed Aug 10 08:34:16 PDT 2016","","","","42","99% (105/106)","99% (105/106)","0% (0/0)","they had published an advertisement on the Internet on June 10 , offering the cargo for sale , he added .","on June 10 , the ship 's owners had published an advertisement on the Internet , offering the explosives for sale .","news-C:1","test","20-21 1-8 2-9 3-10 4-11 5-12 6-13 7-14 8-0 9-1 10-2 11-3 12-16 13-17 15-19 16-20","{}","{}","{}","1-8 2-9 3-10 4-11 5-12 6-13 7-14 8-0 9-1 10-2 11-15 12-16 13-17 15-19 16-20 20-21","0-4 0-5 0-6 0-7 14-18","{}","{}","35543","","1468251249510","0-4 0-5 0-6 0-7 14-18","18 19","1468251213967","Submit","1-8 2-9 3-10 4-11 5-12 6-13 7-14 8-0 9-1 10-2 12-16 13-17 15-19 16-20 20-21","{}"
"33EEIIWHK7SJ6ZMCC42TOYFNX7FQVC","3NB4XF0P1WVI72GGQHF2PNC9TO62L9","Aligning Words in Paraphrased Sentence Pairs (Qualified Workers)","You will be presented two sentences that are paraphrases of each other. Select the words in each that correspond to each other.","keywords","$0.20","Mon Jul 11 08:11:46 PDT 2016","10","BatchId:134341;","3600","2592000","Wed Aug 10 08:11:46 PDT 2016","","","3JZQSN0I3RV5JW41ZVXE1I4FHIDFG7","A3Q7E1QEOUDOB5","Submitted","Mon Jul 11 09:17:48 PDT 2016","Mon Jul 11 09:19:22 PDT 2016","Wed Aug 10 09:19:22 PDT 2016","","","","94","99% (105/106)","99% (105/106)","0% (0/0)","the first products are likely to be dongles costing between US$ 100 and US$ 150 that will establish connections between consumer electronics devices and PCs .","the first products will likely be dongles costing $ 100 to $ 150 that will establish connections between consumer electronics devices and PCs .","news-C:556","test","25-23 14-12 15-13 16-14 17-15 18-16 19-17 20-18 21-19 22-20 23-21 24-22 0-0 1-1 2-2 6-5 7-6 8-7 4-4 11-9","{}","{}","{}","0-0 1-1 2-2 4-4 6-5 7-6 8-7 9-10 10-8 11-9 12-10 13-11 14-12 15-13 16-14 17-15 18-16 19-17 20-18 21-19 22-20 23-21 24-22","3-3","{}","{}","86214","","1468253954382","{}","unchanged","1468253868168","Submit","0-0 1-1 2-2 3-3 4-4 5-5 6-5 7-6 8-7 9-10 10-8 11-9 12-10 13-11 14-12 15-13 16-14 17-15 18-16 19-17 20-18 21-19 22-20 23-21 24-22 25-23","unchanged"
"3SU800BH86DJTKXC7ESOSCD4J06QUN","3NB4XF0P1WVI72GGQHF2PNC9TO62L9","Aligning Words in Paraphrased Sentence Pairs (Qualified Workers)","You will be presented two sentences that are paraphrases of each other. Select the words in each that correspond to each other.","keywords","$0.20","Mon Jul 11 08:11:46 PDT 2016","10","BatchId:134341;","3600","2592000","Wed Aug 10 08:11:46 PDT 2016","","","3G5W44VEU83GZIWF06OBHVWKPEUKGE","A3Q7E1QEOUDOB5","Submitted","Mon Jul 11 09:15:47 PDT 2016","Mon Jul 11 09:16:18 PDT 2016","Wed Aug 10 09:16:18 PDT 2016","","","","31","99% (105/106)","99% (105/106)","0% (0/0)","it was to fly a plane in the White House '' .","'' it was to fly a plane into the White House '' , Mr. Karas said .","news-C:1036","test","11-16 0-1 1-2 2-3 3-4 4-5 5-6 7-8 8-9 9-10 10-11","{}","{}","{}","0-1 1-2 2-3 3-4 4-5 5-6 6-7 7-8 8-9 9-10 11-12","{}","{}","{}","29575","","1468253776416","{}","{}","1468253746841","Submit","0-1 1-2 2-3 3-4 4-5 5-6 6-7 7-8 8-9 9-10 10-11 11-16","13 14 15"